Category,Quantity,Condition,Maintenance_Charge,Average_Maintenance_Cost,Item_Age,Return_Duration,Price
COMPUTER_AND_IT_EQUIPMENT,95,used,160.2,1.69,0,61,999816.02
MEDICAL_FIRST_AID,76,used,64.3,0.85,0,133,9806.43
OFFICE_SUPPLIES,72,new,372.21,5.17,1105,128,5537.22
OFFICE_SUPPLIES,1,new,364.16,364.16,0,103,5536.42
PROTECTIVE_GEAR,12,used,93.52,7.79,212,140,14809.35
COMMUNICATION_DEVICES,69,new,487.9,7.07,0,303,20548.79
OFFICE_SUPPLIES,74,new,367.06,4.96,0,122,5536.71
VEHICLE_AND_ACCESSORIES,30,new,221.06,7.37,1240,446,150000522.1
NETWORKING_EQUIPMENT,46,new,351.58,7.64,0,350,250535.16
MEDICAL_FIRST_AID,21,used,220.75,10.51,384,370,9822.08
COMMUNICATION_DEVICES,5,used,230.52,46.1,0,467,19823.05
OFFICE_SUPPLIES,28,damaged,274.65,9.81,0,161,4827.47
SURVEILLANCE_AND_TRACKING,69,used,386.16,5.6,822,223,29838.62
SURVEILLANCE_AND_TRACKING,66,used,90.91,1.38,0,88,29809.09
NETWORKING_EQUIPMENT,77,new,223.15,2.9,1721,292,250522.32
MEDICAL_FIRST_AID,88,damaged,101.55,1.15,2396,142,9810.16
PROTECTIVE_GEAR,38,used,121.17,3.19,0,455,14812.12
VEHICLE_AND_ACCESSORIES,98,new,278.46,2.84,0,156,150000527.9
MEDICAL_FIRST_AID,26,new,218.26,8.39,0,399,10521.83
MEDICAL_FIRST_AID,77,used,269.87,3.5,0,453,9826.99
VEHICLE_AND_ACCESSORIES,8,new,445.1,55.64,0,389,150000544.5
COMPUTER_AND_IT_EQUIPMENT,99,new,107.78,1.09,1067,106,1000510.78
MEDICAL_FIRST_AID,55,new,468.01,8.51,0,177,10546.8
PROTECTIVE_GEAR,67,used,104.45,1.56,0,203,14810.44
OFFICE_SUPPLIES,30,damaged,149.1,4.97,0,352,4814.91
SURVEILLANCE_AND_TRACKING,5,used,81.89,16.38,0,357,29808.19
SURVEILLANCE_AND_TRACKING,17,damaged,470.98,27.7,1960,265,29847.1
FORENSIC,25,new,93.62,3.74,0,233,80509.36
FORENSIC,87,damaged,492.87,5.67,0,213,79849.29
PROTECTIVE_GEAR,32,new,135.59,4.24,0,241,15513.56
VEHICLE_AND_ACCESSORIES,32,new,249.41,7.79,0,35,150000524.9
MEDICAL_FIRST_AID,12,new,124.84,10.4,872,112,10512.48
FIREARMS,22,used,50.97,2.32,0,406,24999805.1
FORENSIC,55,damaged,480.79,8.74,2186,382,79848.08
NETWORKING_EQUIPMENT,38,new,485.92,12.79,2680,306,250548.59
PROTECTIVE_GEAR,7,damaged,264.55,37.79,0,29,14826.45
MEDICAL_FIRST_AID,24,new,317.77,13.24,0,61,10531.78
OFFICE_SUPPLIES,75,damaged,67.88,0.91,0,348,4806.79
OFFICE_SUPPLIES,41,used,141.92,3.46,0,153,4814.19
NETWORKING_EQUIPMENT,59,used,468.06,7.93,0,245,249846.81
OFFICE_SUPPLIES,10,damaged,145.92,14.59,0,180,4814.59
COMPUTER_AND_IT_EQUIPMENT,48,used,120.99,2.52,2254,165,999812.1
MEDICAL_FIRST_AID,86,damaged,184.72,2.15,0,162,9818.47
COMPUTER_AND_IT_EQUIPMENT,20,used,176.79,8.84,0,199,999817.68
VEHICLE_AND_ACCESSORIES,63,used,457.4,7.26,0,341,149999845.7
VEHICLE_AND_ACCESSORIES,1,used,397,397,0,395,149999839.7
MEDICAL_FIRST_AID,72,new,100.34,1.39,0,22,10510.03
PROTECTIVE_GEAR,71,new,243.4,3.43,0,188,15524.34
COMMUNICATION_DEVICES,27,damaged,162.29,6.01,0,412,19816.23
FIREARMS,96,new,466.59,4.86,0,414,25000546.66
NETWORKING_EQUIPMENT,4,new,381.45,95.36,848,215,250538.14
SURVEILLANCE_AND_TRACKING,21,damaged,98.64,4.7,0,137,29809.86
FORENSIC,40,new,150.32,3.76,0,190,80515.03
COMPUTER_AND_IT_EQUIPMENT,45,damaged,279.23,6.21,671,41,999827.92
VEHICLE_AND_ACCESSORIES,75,used,67.22,0.9,1589,183,149999806.7
PROTECTIVE_GEAR,78,damaged,102.04,1.31,424,159,14810.2
FIREARMS,67,damaged,359.09,5.36,0,248,24999835.91
PROTECTIVE_GEAR,41,damaged,431.61,10.53,0,167,14843.16
FIREARMS,52,damaged,183.04,3.52,0,224,24999818.3
FIREARMS,79,damaged,185.43,2.35,0,176,24999818.54
SURVEILLANCE_AND_TRACKING,75,damaged,344.62,4.59,541,235,29834.46
SURVEILLANCE_AND_TRACKING,61,damaged,126.36,2.07,0,272,29812.64
OFFICE_SUPPLIES,12,new,352.76,29.4,0,105,5535.28
COMMUNICATION_DEVICES,61,damaged,432.38,7.09,0,214,19843.24
OFFICE_SUPPLIES,92,damaged,222.79,2.42,0,85,4822.28
COMMUNICATION_DEVICES,100,used,148.48,1.48,1068,38,19814.85
SURVEILLANCE_AND_TRACKING,59,new,410.64,6.96,1563,324,30541.06
FORENSIC,93,damaged,242.03,2.6,1237,484,79824.2
FORENSIC,34,new,427.94,12.59,330,412,80542.79
FORENSIC,36,used,84.87,2.36,0,159,79808.49
PROTECTIVE_GEAR,11,new,117.87,10.72,902,86,15511.79
SURVEILLANCE_AND_TRACKING,54,used,198.9,3.68,442,55,29819.89
FIREARMS,99,damaged,475.73,4.81,0,312,24999847.57
FORENSIC,46,used,389.06,8.46,559,389,79838.91
MEDICAL_FIRST_AID,29,used,148.74,5.13,482,32,9814.87
PROTECTIVE_GEAR,93,new,428.23,4.6,0,303,15542.82
FIREARMS,73,damaged,62.2,0.85,0,459,24999806.22
NETWORKING_EQUIPMENT,34,used,197.31,5.8,0,178,249819.73
FIREARMS,97,used,163.52,1.69,0,16,24999816.35
MEDICAL_FIRST_AID,45,new,342.56,7.61,0,15,10534.26
SURVEILLANCE_AND_TRACKING,3,damaged,118.57,39.52,0,369,29811.86
OFFICE_SUPPLIES,60,damaged,165.31,2.76,0,321,4816.53
COMPUTER_AND_IT_EQUIPMENT,40,new,310.41,7.76,0,347,1000531.04
FIREARMS,92,new,84.2,0.92,0,362,25000508.42
VEHICLE_AND_ACCESSORIES,16,damaged,402.19,25.14,0,228,149999840.2
PROTECTIVE_GEAR,65,damaged,203.55,3.13,371,71,14820.35
PROTECTIVE_GEAR,91,new,245.97,2.7,1861,149,15524.6
MEDICAL_FIRST_AID,60,used,421.58,7.03,875,168,9842.16
SURVEILLANCE_AND_TRACKING,36,used,159.74,4.44,1063,321,29815.97
FIREARMS,4,used,432.93,108.23,0,127,24999843.29
VEHICLE_AND_ACCESSORIES,36,damaged,365.53,10.15,0,19,149999836.6
SURVEILLANCE_AND_TRACKING,31,damaged,232.89,7.51,2576,131,29823.29
FORENSIC,58,new,91.87,1.58,0,377,80509.19
VEHICLE_AND_ACCESSORIES,48,used,299.06,6.23,0,394,149999829.9
PROTECTIVE_GEAR,90,used,171.91,1.91,0,68,14817.19
SURVEILLANCE_AND_TRACKING,16,damaged,291.14,18.2,0,117,29829.11
FORENSIC,93,damaged,489.47,5.26,1664,171,79848.95
SURVEILLANCE_AND_TRACKING,30,used,130.75,4.36,0,299,29813.08
VEHICLE_AND_ACCESSORIES,7,damaged,181.46,25.92,0,450,149999818.2
FORENSIC,2,damaged,177.95,88.97,648,199,79817.79
COMMUNICATION_DEVICES,62,new,419.95,6.77,219,49,20541.99
COMMUNICATION_DEVICES,20,damaged,477.11,23.86,0,73,19847.71
FIREARMS,77,damaged,151.56,1.97,761,231,24999815.16
FORENSIC,76,used,187.42,2.47,256,312,79818.74
COMPUTER_AND_IT_EQUIPMENT,81,new,169.09,2.09,0,147,1000516.91
MEDICAL_FIRST_AID,21,new,233.83,11.13,1711,178,10523.38
SURVEILLANCE_AND_TRACKING,91,used,366.34,4.03,0,374,29836.63
VEHICLE_AND_ACCESSORIES,85,new,241.31,2.84,304,357,150000524.1
VEHICLE_AND_ACCESSORIES,10,new,124.67,12.47,0,387,150000512.5
OFFICE_SUPPLIES,57,new,260.91,4.58,280,206,5526.09
VEHICLE_AND_ACCESSORIES,70,used,246.99,3.53,0,472,149999824.7
PROTECTIVE_GEAR,33,new,91.1,2.76,2039,16,15509.11
VEHICLE_AND_ACCESSORIES,6,new,261.73,43.62,0,104,150000526.2
FIREARMS,12,used,206.58,17.21,0,370,24999820.66
NETWORKING_EQUIPMENT,53,damaged,272.96,5.15,1318,310,249827.3
FORENSIC,41,used,195.47,4.77,341,452,79819.55
MEDICAL_FIRST_AID,53,new,134.41,2.54,436,402,10513.44
FORENSIC,27,used,297.15,11.01,0,458,79829.71
FORENSIC,4,damaged,323.99,81,0,102,79832.4
MEDICAL_FIRST_AID,71,used,91.94,1.29,0,70,9809.19
NETWORKING_EQUIPMENT,92,used,278.99,3.03,0,442,249827.9
FORENSIC,59,damaged,115.09,1.95,0,267,79811.51
NETWORKING_EQUIPMENT,36,used,202.94,5.64,176,450,249820.29
VEHICLE_AND_ACCESSORIES,76,damaged,499.51,6.57,0,241,149999850
FORENSIC,43,damaged,393.29,9.15,0,167,79839.33
SURVEILLANCE_AND_TRACKING,74,used,155.1,2.1,0,169,29815.51
FORENSIC,50,damaged,406.58,8.13,0,44,79840.66
MEDICAL_FIRST_AID,43,new,443.39,10.31,0,270,10544.34
FORENSIC,93,new,234.49,2.52,0,245,80523.45
VEHICLE_AND_ACCESSORIES,80,damaged,228.87,2.86,0,445,149999822.9
MEDICAL_FIRST_AID,41,damaged,373.42,9.11,1136,29,9837.34
COMPUTER_AND_IT_EQUIPMENT,81,damaged,464.42,5.73,0,63,999846.44
COMPUTER_AND_IT_EQUIPMENT,57,new,362.3,6.36,0,171,1000536.23
COMMUNICATION_DEVICES,46,used,243.81,5.3,0,222,19824.38
NETWORKING_EQUIPMENT,23,new,324.27,14.1,594,372,250532.43
FORENSIC,19,new,257.52,13.55,0,139,80525.75
COMMUNICATION_DEVICES,37,damaged,295.97,8,0,188,19829.6
VEHICLE_AND_ACCESSORIES,89,used,255.58,2.87,0,199,149999825.6
FORENSIC,31,used,307.37,9.92,842,379,79830.74
COMMUNICATION_DEVICES,36,new,304.67,8.46,0,396,20530.47
VEHICLE_AND_ACCESSORIES,78,used,148.55,1.9,0,137,149999814.9
NETWORKING_EQUIPMENT,81,damaged,67.74,0.84,0,315,249806.77
NETWORKING_EQUIPMENT,38,used,386.37,10.17,0,72,249838.64
MEDICAL_FIRST_AID,68,damaged,461.07,6.78,0,471,9846.11
FORENSIC,96,used,411.9,4.29,0,78,79841.19
SURVEILLANCE_AND_TRACKING,72,used,90.64,1.26,0,148,29809.06
COMPUTER_AND_IT_EQUIPMENT,48,damaged,387.06,8.06,0,199,999838.71
PROTECTIVE_GEAR,87,new,262.16,3.01,2297,168,15526.22
OFFICE_SUPPLIES,83,new,335.93,4.05,1597,164,5533.59
FIREARMS,18,new,475.82,26.43,0,86,25000547.58
SURVEILLANCE_AND_TRACKING,18,used,254.14,14.12,1064,307,29825.41
NETWORKING_EQUIPMENT,84,new,425.16,5.06,1637,172,250542.52
PROTECTIVE_GEAR,57,used,477.75,8.38,0,370,14847.77
MEDICAL_FIRST_AID,8,used,174.15,21.77,0,55,9817.42
SURVEILLANCE_AND_TRACKING,3,new,404.06,134.69,0,414,30540.41
SURVEILLANCE_AND_TRACKING,98,damaged,143.22,1.46,0,174,29814.32
NETWORKING_EQUIPMENT,1,used,436.28,436.28,0,298,249843.63
NETWORKING_EQUIPMENT,85,new,109.31,1.29,1092,426,250510.93
OFFICE_SUPPLIES,3,new,169.42,56.47,0,229,5516.94
COMPUTER_AND_IT_EQUIPMENT,61,used,400.11,6.56,1558,71,999840.01
MEDICAL_FIRST_AID,79,new,377.26,4.78,429,244,10537.73
COMMUNICATION_DEVICES,62,used,241.82,3.9,0,365,19824.18
FORENSIC,11,used,323.73,29.43,0,151,79832.37
OFFICE_SUPPLIES,92,used,221.41,2.41,1989,166,4822.14
MEDICAL_FIRST_AID,56,new,406.89,7.27,0,335,10540.69
MEDICAL_FIRST_AID,56,used,449.64,8.03,0,439,9844.96
FIREARMS,94,new,190.65,2.03,207,149,25000519.07
NETWORKING_EQUIPMENT,9,new,424.3,47.14,0,56,250542.43
PROTECTIVE_GEAR,72,new,313.91,4.36,1823,177,15531.39
COMPUTER_AND_IT_EQUIPMENT,46,damaged,473.51,10.29,1340,26,999847.35
VEHICLE_AND_ACCESSORIES,40,used,96.62,2.42,0,88,149999809.7
FORENSIC,14,used,430.42,30.74,0,412,79843.04
OFFICE_SUPPLIES,55,damaged,488.55,8.88,2529,355,4848.85
MEDICAL_FIRST_AID,78,damaged,423.26,5.43,0,114,9842.33
VEHICLE_AND_ACCESSORIES,45,new,131.63,2.93,0,354,150000513.2
COMPUTER_AND_IT_EQUIPMENT,95,damaged,487.31,5.13,0,295,999848.73
FIREARMS,59,used,120.83,2.05,430,172,24999812.08
OFFICE_SUPPLIES,11,new,120.01,10.91,187,373,5512
VEHICLE_AND_ACCESSORIES,85,used,268.55,3.16,240,163,149999826.9
MEDICAL_FIRST_AID,45,used,99.9,2.22,1774,278,9809.99
VEHICLE_AND_ACCESSORIES,29,used,493,17,0,125,149999849.3
SURVEILLANCE_AND_TRACKING,98,used,180.25,1.84,0,261,29818.03
FIREARMS,17,used,289.66,17.04,0,290,24999828.97
PROTECTIVE_GEAR,51,damaged,69.04,1.35,0,42,14806.9
PROTECTIVE_GEAR,55,damaged,231.99,4.22,0,76,14823.2
COMMUNICATION_DEVICES,22,damaged,257.04,11.68,0,226,19825.7
COMPUTER_AND_IT_EQUIPMENT,56,damaged,230.2,4.11,0,466,999823.02
PROTECTIVE_GEAR,43,new,84.37,1.96,0,285,15508.44
PROTECTIVE_GEAR,94,damaged,416.77,4.43,0,96,14841.68
SURVEILLANCE_AND_TRACKING,78,new,392.1,5.03,0,405,30539.21
FORENSIC,97,damaged,391.94,4.04,1389,463,79839.19
OFFICE_SUPPLIES,81,used,117.93,1.46,0,236,4811.79
VEHICLE_AND_ACCESSORIES,76,new,208.37,2.74,0,252,150000520.8
COMMUNICATION_DEVICES,48,used,84.53,1.76,0,318,19808.45
FIREARMS,75,damaged,479.4,6.39,0,470,24999847.94
OFFICE_SUPPLIES,42,damaged,264.03,6.29,0,257,4826.4
PROTECTIVE_GEAR,65,damaged,127.65,1.96,0,240,14812.76
MEDICAL_FIRST_AID,79,new,213.75,2.71,0,215,10521.38
PROTECTIVE_GEAR,7,damaged,341.29,48.76,0,61,14834.13
FIREARMS,33,damaged,433.2,13.13,475,198,24999843.32
OFFICE_SUPPLIES,45,used,485.46,10.79,0,312,4848.55
COMPUTER_AND_IT_EQUIPMENT,72,used,339.57,4.72,0,351,999833.96
MEDICAL_FIRST_AID,83,damaged,240.53,2.9,0,206,9824.05
NETWORKING_EQUIPMENT,44,used,136.4,3.1,0,60,249813.64
COMPUTER_AND_IT_EQUIPMENT,99,damaged,425.8,4.3,0,358,999842.58
OFFICE_SUPPLIES,77,used,119.41,1.55,0,405,4811.94
NETWORKING_EQUIPMENT,6,used,213.93,35.66,0,333,249821.39
FORENSIC,69,new,189.26,2.74,0,197,80518.93
OFFICE_SUPPLIES,60,used,400.16,6.67,1202,214,4840.02
NETWORKING_EQUIPMENT,78,new,442.85,5.68,0,249,250544.29
PROTECTIVE_GEAR,14,damaged,430.65,30.76,0,48,14843.07
NETWORKING_EQUIPMENT,58,damaged,116.31,2.01,0,489,249811.63
FORENSIC,4,used,73.97,18.49,566,138,79807.4
COMPUTER_AND_IT_EQUIPMENT,29,new,193.41,6.67,0,352,1000519.34
NETWORKING_EQUIPMENT,5,used,462.83,92.57,1644,451,249846.28
FORENSIC,79,new,457.64,5.79,0,114,80545.76
NETWORKING_EQUIPMENT,94,damaged,287.5,3.06,0,170,249828.75
VEHICLE_AND_ACCESSORIES,7,new,238.92,34.13,1897,59,150000523.9
FORENSIC,69,new,334.38,4.85,623,393,80533.44
VEHICLE_AND_ACCESSORIES,1,damaged,208.77,208.77,1303,104,149999820.9
COMPUTER_AND_IT_EQUIPMENT,47,new,479.03,10.19,1458,416,1000547.9
MEDICAL_FIRST_AID,50,used,69.59,1.39,0,136,9806.96
COMMUNICATION_DEVICES,9,used,158.51,17.61,0,304,19815.85
PROTECTIVE_GEAR,6,used,295.71,49.28,0,366,14829.57
FORENSIC,18,new,372.22,20.68,0,174,80537.22
COMMUNICATION_DEVICES,6,used,470.02,78.34,776,430,19847
FORENSIC,5,damaged,136,27.2,1045,27,79813.6
PROTECTIVE_GEAR,16,used,246.63,15.41,1243,227,14824.66
FIREARMS,24,used,361.43,15.06,1197,287,24999836.14
COMPUTER_AND_IT_EQUIPMENT,11,used,321.1,29.19,0,170,999832.11
COMPUTER_AND_IT_EQUIPMENT,42,damaged,183.04,4.36,1043,384,999818.3
NETWORKING_EQUIPMENT,45,used,69.06,1.53,329,244,249806.91
COMMUNICATION_DEVICES,86,damaged,232.79,2.71,2407,392,19823.28
NETWORKING_EQUIPMENT,19,damaged,355.14,18.69,0,92,249835.51
SURVEILLANCE_AND_TRACKING,47,used,477.26,10.15,0,87,29847.73
FORENSIC,48,used,393.39,8.2,187,290,79839.34
FIREARMS,84,used,162.33,1.93,0,401,24999816.23
FORENSIC,50,damaged,102.99,2.06,0,252,79810.3
OFFICE_SUPPLIES,89,used,140.08,1.57,0,256,4814.01
FORENSIC,88,used,350.53,3.98,0,298,79835.05
VEHICLE_AND_ACCESSORIES,92,damaged,467.3,5.08,0,199,149999846.7
SURVEILLANCE_AND_TRACKING,26,new,156.53,6.02,0,197,30515.65
OFFICE_SUPPLIES,60,damaged,108.4,1.81,0,176,4810.84
FORENSIC,53,used,420.5,7.93,0,172,79842.05
COMPUTER_AND_IT_EQUIPMENT,60,damaged,282.81,4.71,0,292,999828.28
OFFICE_SUPPLIES,99,new,244.68,2.47,0,291,5524.47
VEHICLE_AND_ACCESSORIES,21,used,470.63,22.41,0,267,149999847.1
VEHICLE_AND_ACCESSORIES,33,new,335.78,10.18,559,74,150000533.6
VEHICLE_AND_ACCESSORIES,69,new,276.16,4,0,323,150000527.6
NETWORKING_EQUIPMENT,93,damaged,201.93,2.17,0,425,249820.19
COMMUNICATION_DEVICES,6,damaged,396.96,66.16,0,113,19839.7
OFFICE_SUPPLIES,80,damaged,63.63,0.8,578,328,4806.36
VEHICLE_AND_ACCESSORIES,32,damaged,232.74,7.27,0,381,149999823.3
NETWORKING_EQUIPMENT,54,used,259,4.8,193,93,249825.9
PROTECTIVE_GEAR,52,new,392.3,7.54,1441,74,15539.23
SURVEILLANCE_AND_TRACKING,16,used,252.32,15.77,0,46,29825.23
FIREARMS,54,new,483.21,8.95,0,302,25000548.32
PROTECTIVE_GEAR,98,new,274.22,2.8,1051,257,15527.42
VEHICLE_AND_ACCESSORIES,3,new,475.35,158.45,935,147,150000547.5
OFFICE_SUPPLIES,7,new,176.61,25.23,2496,359,5517.66
VEHICLE_AND_ACCESSORIES,2,new,243.92,121.96,68,193,150000524.4
FIREARMS,6,used,73.02,12.17,322,198,24999807.3
VEHICLE_AND_ACCESSORIES,50,damaged,252.66,5.05,572,433,149999825.3
OFFICE_SUPPLIES,17,new,227.26,13.37,0,193,5522.73
NETWORKING_EQUIPMENT,78,damaged,230.62,2.96,0,45,249823.06
PROTECTIVE_GEAR,67,used,117.02,1.75,0,168,14811.7
OFFICE_SUPPLIES,21,used,495.78,23.61,0,186,4849.58
MEDICAL_FIRST_AID,63,damaged,303.32,4.81,0,208,9830.33
COMPUTER_AND_IT_EQUIPMENT,75,used,408.54,5.45,0,264,999840.85
OFFICE_SUPPLIES,30,damaged,73.11,2.44,0,278,4807.31
OFFICE_SUPPLIES,19,damaged,158.99,8.37,2482,80,4815.9
COMMUNICATION_DEVICES,41,used,118.14,2.88,0,262,19811.81
OFFICE_SUPPLIES,95,damaged,78.03,0.82,0,119,4807.8
PROTECTIVE_GEAR,68,used,191.19,2.81,0,480,14819.12
PROTECTIVE_GEAR,46,damaged,397.4,8.64,0,271,14839.74
SURVEILLANCE_AND_TRACKING,72,used,151.19,2.1,519,155,29815.12
SURVEILLANCE_AND_TRACKING,41,used,206.96,5.05,0,74,29820.7
MEDICAL_FIRST_AID,51,used,479.57,9.4,0,42,9847.96
COMPUTER_AND_IT_EQUIPMENT,57,damaged,165.4,2.9,0,107,999816.54
MEDICAL_FIRST_AID,72,damaged,172.23,2.39,0,391,9817.22
SURVEILLANCE_AND_TRACKING,7,damaged,457.33,65.33,0,148,29845.73
COMPUTER_AND_IT_EQUIPMENT,43,damaged,262.58,6.11,0,282,999826.26
NETWORKING_EQUIPMENT,84,used,264.85,3.15,0,167,249826.48
VEHICLE_AND_ACCESSORIES,99,new,343.53,3.47,0,385,150000534.4
COMMUNICATION_DEVICES,54,new,470.27,8.71,0,418,20547.03
NETWORKING_EQUIPMENT,5,new,184.28,36.86,299,192,250518.43
FORENSIC,68,used,450.17,6.62,0,261,79845.02
SURVEILLANCE_AND_TRACKING,43,new,379,8.81,0,125,30537.9
PROTECTIVE_GEAR,73,damaged,390.78,5.35,0,448,14839.08
FIREARMS,66,used,89.03,1.35,0,86,24999808.9
PROTECTIVE_GEAR,1,used,222.61,222.61,1669,136,14822.26
PROTECTIVE_GEAR,75,damaged,307.79,4.1,0,192,14830.78
SURVEILLANCE_AND_TRACKING,86,new,259.43,3.02,0,365,30525.94
VEHICLE_AND_ACCESSORIES,82,used,215.39,2.63,0,83,149999821.5
NETWORKING_EQUIPMENT,96,damaged,218.13,2.27,1350,400,249821.81
SURVEILLANCE_AND_TRACKING,88,damaged,442.91,5.03,0,242,29844.29
PROTECTIVE_GEAR,73,new,77.79,1.07,1479,115,15507.78
MEDICAL_FIRST_AID,22,used,434.52,19.75,0,372,9843.45
OFFICE_SUPPLIES,12,damaged,250.47,20.87,0,81,4825.05
FIREARMS,73,new,301.46,4.13,409,29,25000530.15
VEHICLE_AND_ACCESSORIES,96,new,310.24,3.23,0,184,150000531
COMPUTER_AND_IT_EQUIPMENT,8,new,493.76,61.72,0,163,1000549.38
NETWORKING_EQUIPMENT,99,damaged,490.25,4.95,0,474,249849.02
FORENSIC,49,new,357.23,7.29,0,337,80535.72
PROTECTIVE_GEAR,23,damaged,226.88,9.86,0,118,14822.69
COMMUNICATION_DEVICES,39,used,353.07,9.05,1120,290,19835.31
SURVEILLANCE_AND_TRACKING,59,used,119.8,2.03,0,418,29811.98
COMMUNICATION_DEVICES,79,new,158.3,2,0,333,20515.83
FORENSIC,87,damaged,442.5,5.09,0,40,79844.25
FORENSIC,70,new,389.47,5.56,0,278,80538.95
SURVEILLANCE_AND_TRACKING,41,damaged,319.06,7.78,0,156,29831.91
NETWORKING_EQUIPMENT,29,used,185.23,6.39,0,304,249818.52
NETWORKING_EQUIPMENT,72,used,71.1,0.99,379,361,249807.11
MEDICAL_FIRST_AID,90,used,233.72,2.6,0,100,9823.37
MEDICAL_FIRST_AID,31,new,185.33,5.98,0,497,10518.53
MEDICAL_FIRST_AID,54,damaged,288.5,5.34,0,154,9828.85
PROTECTIVE_GEAR,58,used,91.61,1.58,0,155,14809.16
OFFICE_SUPPLIES,6,new,134.67,22.44,2702,356,5513.47
SURVEILLANCE_AND_TRACKING,27,used,186.43,6.9,0,97,29818.64
COMPUTER_AND_IT_EQUIPMENT,32,damaged,321.98,10.06,0,491,999832.2
MEDICAL_FIRST_AID,100,used,221.3,2.21,1951,204,9822.13
VEHICLE_AND_ACCESSORIES,66,used,259.7,3.93,1888,449,149999826
SURVEILLANCE_AND_TRACKING,41,used,70.57,1.72,0,104,29807.06
VEHICLE_AND_ACCESSORIES,75,damaged,374.01,4.99,0,120,149999837.4
SURVEILLANCE_AND_TRACKING,73,new,274.69,3.76,0,394,30527.47
FORENSIC,59,new,379.75,6.44,0,78,80537.98
MEDICAL_FIRST_AID,24,damaged,495.65,20.65,0,21,9849.57
COMPUTER_AND_IT_EQUIPMENT,98,new,235.58,2.4,0,388,1000523.56
COMMUNICATION_DEVICES,65,used,217.94,3.35,2596,342,19821.79
OFFICE_SUPPLIES,85,used,57.08,0.67,1541,240,4805.71
COMMUNICATION_DEVICES,93,used,291.08,3.13,0,261,19829.11
FIREARMS,14,new,285.97,20.43,0,331,25000528.6
VEHICLE_AND_ACCESSORIES,35,used,85.56,2.44,129,312,149999808.6
SURVEILLANCE_AND_TRACKING,88,new,344.18,3.91,0,225,30534.42
FIREARMS,61,new,336.54,5.52,0,258,25000533.65
FIREARMS,73,new,452.66,6.2,0,110,25000545.27
OFFICE_SUPPLIES,35,new,465.87,13.31,0,297,5546.59
COMMUNICATION_DEVICES,41,new,482.66,11.77,321,389,20548.27
FIREARMS,39,new,303.78,7.79,1158,348,25000530.38
MEDICAL_FIRST_AID,50,damaged,112.98,2.26,0,400,9811.3
COMMUNICATION_DEVICES,56,new,427.4,7.63,191,404,20542.74
OFFICE_SUPPLIES,100,used,63.33,0.63,371,245,4806.33
SURVEILLANCE_AND_TRACKING,71,used,244.33,3.44,2428,222,29824.43
OFFICE_SUPPLIES,32,damaged,83.08,2.6,0,202,4808.31
NETWORKING_EQUIPMENT,41,used,97.95,2.39,0,246,249809.8
VEHICLE_AND_ACCESSORIES,17,new,134.33,7.9,880,298,150000513.4
FIREARMS,4,new,209.26,52.31,0,311,25000520.93
PROTECTIVE_GEAR,2,used,236.21,118.11,0,474,14823.62
SURVEILLANCE_AND_TRACKING,67,new,358.39,5.35,0,158,30535.84
VEHICLE_AND_ACCESSORIES,19,new,125.24,6.59,0,168,150000512.5
COMPUTER_AND_IT_EQUIPMENT,33,new,374.4,11.35,1416,339,1000537.44
FORENSIC,18,used,53.05,2.95,0,441,79805.3
FIREARMS,57,used,243.78,4.28,349,173,24999824.38
OFFICE_SUPPLIES,62,used,129.94,2.1,0,156,4812.99
FORENSIC,32,used,219.22,6.85,0,59,79821.92
OFFICE_SUPPLIES,76,damaged,130.97,1.72,0,388,4813.1
SURVEILLANCE_AND_TRACKING,38,damaged,81.12,2.13,1030,281,29808.11
VEHICLE_AND_ACCESSORIES,33,damaged,119.36,3.62,1621,221,149999811.9
FORENSIC,62,damaged,230.36,3.72,1906,227,79823.04
COMMUNICATION_DEVICES,90,damaged,317.22,3.52,0,416,19831.72
PROTECTIVE_GEAR,83,damaged,69.93,0.84,1278,169,14806.99
FIREARMS,2,new,166.43,83.22,2165,278,25000516.64
OFFICE_SUPPLIES,29,used,218.35,7.53,1879,359,4821.84
MEDICAL_FIRST_AID,45,new,267.25,5.94,0,70,10526.73
NETWORKING_EQUIPMENT,40,used,254.9,6.37,0,266,249825.49
FORENSIC,57,damaged,363.54,6.38,0,182,79836.35
COMPUTER_AND_IT_EQUIPMENT,44,damaged,99.21,2.25,0,138,999809.92
NETWORKING_EQUIPMENT,21,used,301.93,14.38,0,426,249830.19
NETWORKING_EQUIPMENT,82,damaged,244.46,2.98,0,316,249824.45
SURVEILLANCE_AND_TRACKING,76,used,224.98,2.96,0,148,29822.5
COMPUTER_AND_IT_EQUIPMENT,14,damaged,134.13,9.58,0,261,999813.41
VEHICLE_AND_ACCESSORIES,68,damaged,191.03,2.81,609,212,149999819.1
COMPUTER_AND_IT_EQUIPMENT,46,used,327.81,7.13,0,330,999832.78
NETWORKING_EQUIPMENT,16,new,187.42,11.71,0,381,250518.74
MEDICAL_FIRST_AID,54,damaged,112.04,2.07,0,110,9811.2
MEDICAL_FIRST_AID,72,new,270.34,3.75,0,165,10527.03
FORENSIC,7,used,478.33,68.33,0,103,79847.83
FIREARMS,65,damaged,272.74,4.2,653,367,24999827.27
FORENSIC,22,new,304.43,13.84,0,38,80530.44
SURVEILLANCE_AND_TRACKING,37,new,401.33,10.85,2597,401,30540.13
FORENSIC,66,new,307.72,4.66,291,282,80530.77
PROTECTIVE_GEAR,97,new,392,4.04,775,128,15539.2
COMPUTER_AND_IT_EQUIPMENT,39,new,252.38,6.47,0,227,1000525.24
COMPUTER_AND_IT_EQUIPMENT,27,damaged,314.57,11.65,706,322,999831.46
FIREARMS,79,new,403.18,5.1,0,310,25000540.32
MEDICAL_FIRST_AID,77,damaged,125.77,1.63,0,315,9812.58
MEDICAL_FIRST_AID,18,used,463.45,25.75,0,72,9846.34
NETWORKING_EQUIPMENT,19,damaged,194.94,10.26,68,440,249819.49
FIREARMS,19,damaged,334.58,17.61,0,259,24999833.46
COMPUTER_AND_IT_EQUIPMENT,66,damaged,175.2,2.65,0,269,999817.52
OFFICE_SUPPLIES,100,damaged,91.91,0.92,1278,348,4809.19
PROTECTIVE_GEAR,69,used,148.02,2.15,0,275,14814.8
PROTECTIVE_GEAR,44,damaged,310.07,7.05,1547,423,14831.01
COMMUNICATION_DEVICES,13,damaged,402.75,30.98,0,64,19840.28
NETWORKING_EQUIPMENT,59,new,496.33,8.41,0,353,250549.63
NETWORKING_EQUIPMENT,21,used,92,4.38,0,61,249809.2
NETWORKING_EQUIPMENT,51,damaged,187.48,3.68,0,363,249818.75
COMPUTER_AND_IT_EQUIPMENT,28,used,85.07,3.04,712,274,999808.51
FORENSIC,2,damaged,204.61,102.31,0,381,79820.46
FORENSIC,30,used,90.2,3.01,0,179,79809.02
VEHICLE_AND_ACCESSORIES,49,new,338.71,6.91,0,283,150000533.9
COMMUNICATION_DEVICES,84,new,248.04,2.95,0,409,20524.8
FIREARMS,88,used,436.98,4.97,0,77,24999843.7
COMPUTER_AND_IT_EQUIPMENT,94,used,208.19,2.21,0,431,999820.82
SURVEILLANCE_AND_TRACKING,83,new,161.68,1.95,2303,380,30516.17
VEHICLE_AND_ACCESSORIES,85,used,142.45,1.68,1981,103,149999814.3
FIREARMS,83,new,402.71,4.85,0,224,25000540.27
SURVEILLANCE_AND_TRACKING,82,damaged,81.96,1,0,188,29808.2
FIREARMS,54,used,295.86,5.48,0,241,24999829.59
COMPUTER_AND_IT_EQUIPMENT,76,new,56.21,0.74,0,30,1000505.62
FIREARMS,37,damaged,370.68,10.02,60,377,24999837.07
COMPUTER_AND_IT_EQUIPMENT,69,damaged,118.71,1.72,0,54,999811.87
SURVEILLANCE_AND_TRACKING,69,used,225.83,3.27,0,374,29822.58
SURVEILLANCE_AND_TRACKING,32,new,466.08,14.56,0,324,30546.61
COMMUNICATION_DEVICES,86,damaged,346.12,4.02,0,14,19834.61
NETWORKING_EQUIPMENT,21,used,478.86,22.8,1325,404,249847.89
VEHICLE_AND_ACCESSORIES,48,new,387.4,8.07,126,480,150000538.7
COMMUNICATION_DEVICES,55,used,285.73,5.2,0,305,19828.57
COMPUTER_AND_IT_EQUIPMENT,59,damaged,212.06,3.59,1336,104,999821.21
NETWORKING_EQUIPMENT,99,new,452.42,4.57,0,393,250545.24
COMMUNICATION_DEVICES,2,new,70.69,35.34,0,101,20507.07
COMMUNICATION_DEVICES,92,damaged,345.07,3.75,0,144,19834.51
PROTECTIVE_GEAR,10,damaged,217.76,21.78,1792,490,14821.78
NETWORKING_EQUIPMENT,67,new,479.34,7.15,0,464,250547.93
VEHICLE_AND_ACCESSORIES,12,damaged,255.54,21.29,0,161,149999825.6
VEHICLE_AND_ACCESSORIES,32,used,215.72,6.74,2128,421,149999821.6
MEDICAL_FIRST_AID,20,new,469.58,23.48,0,296,10546.96
COMMUNICATION_DEVICES,1,damaged,219.32,219.32,0,119,19821.93
SURVEILLANCE_AND_TRACKING,63,new,487.65,7.74,0,171,30548.76
COMMUNICATION_DEVICES,67,used,365.38,5.45,0,410,19836.54
OFFICE_SUPPLIES,65,new,336.75,5.18,0,315,5533.68
COMMUNICATION_DEVICES,85,new,156.55,1.84,0,428,20515.65
PROTECTIVE_GEAR,58,used,155.13,2.67,0,405,14815.51
OFFICE_SUPPLIES,20,new,123.97,6.2,26,235,5512.4
MEDICAL_FIRST_AID,99,new,253.36,2.56,0,463,10525.34
COMPUTER_AND_IT_EQUIPMENT,88,used,421.87,4.79,30,114,999842.19
PROTECTIVE_GEAR,12,damaged,161.7,13.47,0,291,14816.17
VEHICLE_AND_ACCESSORIES,23,new,478.44,20.8,904,396,150000547.8
SURVEILLANCE_AND_TRACKING,60,new,411.75,6.86,0,35,30541.17
SURVEILLANCE_AND_TRACKING,26,used,217.51,8.37,0,322,29821.75
COMPUTER_AND_IT_EQUIPMENT,9,new,456.12,50.68,0,49,1000545.61
PROTECTIVE_GEAR,6,used,72.79,12.13,1398,427,14807.28
FIREARMS,4,used,357.45,89.36,0,110,24999835.75
NETWORKING_EQUIPMENT,36,used,447.54,12.43,0,328,249844.75
SURVEILLANCE_AND_TRACKING,64,used,447.25,6.99,0,66,29844.72
FIREARMS,54,new,339.19,6.28,250,327,25000533.92
MEDICAL_FIRST_AID,49,damaged,211.6,4.32,2583,267,9821.16
OFFICE_SUPPLIES,42,used,171.7,4.09,0,328,4817.17
COMMUNICATION_DEVICES,8,used,288.24,36.03,660,108,19828.82
SURVEILLANCE_AND_TRACKING,35,damaged,417.33,11.92,0,124,29841.73
FIREARMS,23,new,156.45,6.8,551,376,25000515.64
OFFICE_SUPPLIES,91,damaged,208.26,2.29,1881,84,4820.83
SURVEILLANCE_AND_TRACKING,70,used,129,1.84,0,51,29812.9
OFFICE_SUPPLIES,3,damaged,265.1,88.37,155,108,4826.51
NETWORKING_EQUIPMENT,92,new,463.45,5.04,0,37,250546.35
OFFICE_SUPPLIES,100,new,430.92,4.31,0,199,5543.09
FIREARMS,13,used,185.79,14.29,0,374,24999818.58
FIREARMS,84,used,128.39,1.53,2366,456,24999812.84
OFFICE_SUPPLIES,29,damaged,315.03,10.86,0,164,4831.5
VEHICLE_AND_ACCESSORIES,23,damaged,50.81,2.21,1218,441,149999805.1
OFFICE_SUPPLIES,24,damaged,193.2,8.05,835,339,4819.32
COMPUTER_AND_IT_EQUIPMENT,19,used,385.4,20.28,0,188,999838.54
COMPUTER_AND_IT_EQUIPMENT,58,new,169.35,2.92,0,53,1000516.94
VEHICLE_AND_ACCESSORIES,93,new,71.67,0.77,1512,239,150000507.2
FIREARMS,49,used,295.71,6.03,0,406,24999829.57
OFFICE_SUPPLIES,21,used,83.17,3.96,0,30,4808.32
VEHICLE_AND_ACCESSORIES,10,used,126.55,12.65,0,402,149999812.7
MEDICAL_FIRST_AID,44,damaged,493.37,11.21,1762,32,9849.34
NETWORKING_EQUIPMENT,56,new,74.1,1.32,0,114,250507.41
MEDICAL_FIRST_AID,34,damaged,176.69,5.2,0,43,9817.67
OFFICE_SUPPLIES,63,new,74.53,1.18,0,65,5507.45
OFFICE_SUPPLIES,26,new,61.58,2.37,0,177,5506.16
FORENSIC,40,used,261.93,6.55,0,341,79826.19
FIREARMS,48,used,216.23,4.5,0,150,24999821.62
FORENSIC,29,used,303.91,10.48,0,365,79830.39
COMPUTER_AND_IT_EQUIPMENT,86,used,413.68,4.81,1412,324,999841.37
MEDICAL_FIRST_AID,50,damaged,238.38,4.77,2123,444,9823.84
FORENSIC,31,used,184.48,5.95,1082,31,79818.45
OFFICE_SUPPLIES,74,damaged,492.24,6.65,0,403,4849.22
NETWORKING_EQUIPMENT,28,new,106.78,3.81,0,366,250510.68
SURVEILLANCE_AND_TRACKING,77,used,193.89,2.52,0,211,29819.39
FIREARMS,42,used,283.86,6.76,0,369,24999828.39
OFFICE_SUPPLIES,54,new,236.5,4.38,0,313,5523.65
COMPUTER_AND_IT_EQUIPMENT,73,new,403.59,5.53,718,466,1000540.36
VEHICLE_AND_ACCESSORIES,84,used,307.41,3.66,0,110,149999830.7
FIREARMS,80,damaged,356.37,4.45,0,204,24999835.64
PROTECTIVE_GEAR,7,damaged,263.85,37.69,0,30,14826.39
VEHICLE_AND_ACCESSORIES,36,used,436.21,12.12,0,89,149999843.6
FORENSIC,35,damaged,237.55,6.79,0,250,79823.76
FIREARMS,98,damaged,440.24,4.49,0,430,24999844.02
COMPUTER_AND_IT_EQUIPMENT,91,damaged,231.52,2.54,1546,39,999823.15
SURVEILLANCE_AND_TRACKING,8,new,64.88,8.11,0,384,30506.49
VEHICLE_AND_ACCESSORIES,60,damaged,228.62,3.81,0,38,149999822.9
PROTECTIVE_GEAR,77,used,129.91,1.69,1213,301,14812.99
PROTECTIVE_GEAR,34,damaged,423.89,12.47,0,32,14842.39
COMMUNICATION_DEVICES,74,new,435.7,5.89,0,127,20543.57
FIREARMS,3,damaged,54,18,0,99,24999805.4
COMMUNICATION_DEVICES,33,damaged,412.29,12.49,344,373,19841.23
VEHICLE_AND_ACCESSORIES,49,used,256.55,5.24,0,163,149999825.7
MEDICAL_FIRST_AID,51,damaged,96.04,1.88,1826,435,9809.6
PROTECTIVE_GEAR,83,damaged,324.07,3.9,171,70,14832.41
COMPUTER_AND_IT_EQUIPMENT,36,damaged,196.31,5.45,0,343,999819.63
VEHICLE_AND_ACCESSORIES,20,damaged,394.46,19.72,0,215,149999839.5
PROTECTIVE_GEAR,93,new,344.93,3.71,0,481,15534.49
FIREARMS,95,new,312.36,3.29,386,182,25000531.24
SURVEILLANCE_AND_TRACKING,82,used,457.94,5.58,0,156,29845.79
NETWORKING_EQUIPMENT,24,used,93.92,3.91,0,139,249809.39
MEDICAL_FIRST_AID,88,used,344.5,3.91,0,121,9834.45
VEHICLE_AND_ACCESSORIES,43,used,167.25,3.89,0,462,149999816.7
FORENSIC,82,damaged,311.14,3.79,298,243,79831.11
SURVEILLANCE_AND_TRACKING,16,damaged,221.75,13.86,0,30,29822.17
NETWORKING_EQUIPMENT,26,used,234.14,9.01,1461,93,249823.41
NETWORKING_EQUIPMENT,63,used,333.96,5.3,0,353,249833.4
COMMUNICATION_DEVICES,36,new,392.54,10.9,0,416,20539.25
FORENSIC,17,damaged,245.17,14.42,92,219,79824.52
FORENSIC,1,new,290.2,290.2,0,476,80529.02
MEDICAL_FIRST_AID,3,damaged,51.86,17.29,0,357,9805.19
PROTECTIVE_GEAR,17,new,222.6,13.09,998,113,15522.26
COMMUNICATION_DEVICES,38,used,377.52,9.93,1954,189,19837.75
NETWORKING_EQUIPMENT,63,used,387.55,6.15,0,32,249838.76
SURVEILLANCE_AND_TRACKING,28,damaged,59.86,2.14,0,82,29805.99
COMMUNICATION_DEVICES,82,used,397.06,4.84,226,333,19839.71
COMPUTER_AND_IT_EQUIPMENT,7,damaged,102.11,14.59,119,76,999810.21
VEHICLE_AND_ACCESSORIES,90,new,142.47,1.58,0,224,150000514.3
COMPUTER_AND_IT_EQUIPMENT,35,damaged,322.54,9.22,0,427,999832.25
COMPUTER_AND_IT_EQUIPMENT,93,damaged,102.98,1.11,0,69,999810.3
SURVEILLANCE_AND_TRACKING,26,used,424.17,16.31,0,377,29842.42
VEHICLE_AND_ACCESSORIES,6,damaged,273.36,45.56,0,266,149999827.3
SURVEILLANCE_AND_TRACKING,2,damaged,90.05,45.02,0,357,29809.01
NETWORKING_EQUIPMENT,100,damaged,83.77,0.84,0,352,249808.38
FORENSIC,34,used,72.54,2.13,0,457,79807.25
PROTECTIVE_GEAR,55,damaged,102.16,1.86,0,462,14810.22
NETWORKING_EQUIPMENT,46,used,479.79,10.43,122,66,249847.98
PROTECTIVE_GEAR,15,used,230.11,15.34,0,445,14823.01
FORENSIC,84,new,100.88,1.2,0,70,80510.09
OFFICE_SUPPLIES,73,damaged,247.17,3.39,1485,417,4824.72
OFFICE_SUPPLIES,88,damaged,488.05,5.55,0,276,4848.81
FIREARMS,6,new,167.73,27.95,0,363,25000516.77
MEDICAL_FIRST_AID,93,damaged,150.79,1.62,0,275,9815.08
OFFICE_SUPPLIES,56,damaged,376.99,6.73,286,348,4837.7
FIREARMS,72,damaged,74.55,1.04,0,449,24999807.45
FORENSIC,10,used,194.29,19.43,0,39,79819.43
SURVEILLANCE_AND_TRACKING,83,used,231.47,2.79,0,251,29823.15
OFFICE_SUPPLIES,12,used,251.18,20.93,0,391,4825.12
COMMUNICATION_DEVICES,52,used,66.12,1.27,0,450,19806.61
OFFICE_SUPPLIES,82,used,450.55,5.49,376,344,4845.06
FORENSIC,47,new,417.46,8.88,4,292,80541.75
OFFICE_SUPPLIES,61,damaged,345.73,5.67,0,55,4834.57
SURVEILLANCE_AND_TRACKING,44,used,423.45,9.62,0,286,29842.35
COMPUTER_AND_IT_EQUIPMENT,22,used,113.2,5.15,0,141,999811.32
SURVEILLANCE_AND_TRACKING,16,used,147.02,9.19,0,200,29814.7
FIREARMS,82,damaged,314.96,3.84,486,349,24999831.5
MEDICAL_FIRST_AID,64,new,288.66,4.51,0,225,10528.87
OFFICE_SUPPLIES,66,new,361.32,5.47,0,443,5536.13
COMPUTER_AND_IT_EQUIPMENT,85,damaged,322.77,3.8,0,469,999832.28
FIREARMS,89,new,173.12,1.95,0,236,25000517.31
NETWORKING_EQUIPMENT,53,damaged,365.01,6.89,343,439,249836.5
MEDICAL_FIRST_AID,92,damaged,470.98,5.12,0,118,9847.1
VEHICLE_AND_ACCESSORIES,87,new,491.6,5.65,0,285,150000549.2
PROTECTIVE_GEAR,98,used,303.03,3.09,2034,349,14830.3
FIREARMS,37,used,413.74,11.18,0,30,24999841.37
NETWORKING_EQUIPMENT,86,new,139.96,1.63,0,371,250514
NETWORKING_EQUIPMENT,89,used,141.8,1.59,0,187,249814.18
FORENSIC,79,damaged,382.77,4.85,0,344,79838.28
FIREARMS,66,damaged,179.44,2.72,0,215,24999817.94
PROTECTIVE_GEAR,7,new,384.65,54.95,0,450,15538.47
FORENSIC,82,damaged,369.3,4.5,1027,314,79836.93
OFFICE_SUPPLIES,100,damaged,483.93,4.84,0,99,4848.39
COMPUTER_AND_IT_EQUIPMENT,23,damaged,281.23,12.23,0,241,999828.12
MEDICAL_FIRST_AID,17,new,312.79,18.4,0,185,10531.28
NETWORKING_EQUIPMENT,20,used,318.6,15.93,2677,169,249831.86
OFFICE_SUPPLIES,46,new,402.81,8.76,0,112,5540.28
NETWORKING_EQUIPMENT,9,damaged,121.72,13.52,1570,234,249812.17
PROTECTIVE_GEAR,28,damaged,199.35,7.12,0,111,14819.93
OFFICE_SUPPLIES,61,damaged,420.66,6.9,0,361,4842.07
FORENSIC,83,damaged,463.37,5.58,0,351,79846.34
PROTECTIVE_GEAR,15,used,165.47,11.03,0,480,14816.55
PROTECTIVE_GEAR,66,used,269.06,4.08,19,118,14826.91
MEDICAL_FIRST_AID,13,new,487.23,37.48,1514,13,10548.72
COMPUTER_AND_IT_EQUIPMENT,86,damaged,398.11,4.63,0,118,999839.81
FIREARMS,96,damaged,119.19,1.24,1620,198,24999811.92
COMPUTER_AND_IT_EQUIPMENT,7,new,407.4,58.2,0,298,1000540.74
SURVEILLANCE_AND_TRACKING,53,used,253.01,4.77,9,191,29825.3
FIREARMS,69,new,338.64,4.91,247,394,25000533.86
OFFICE_SUPPLIES,90,new,210.97,2.34,0,153,5521.1
VEHICLE_AND_ACCESSORIES,12,used,394.37,32.86,70,206,149999839.4
COMMUNICATION_DEVICES,21,damaged,148.94,7.09,1389,411,19814.89
MEDICAL_FIRST_AID,82,new,184.13,2.25,0,286,10518.41
MEDICAL_FIRST_AID,16,new,52.26,3.27,1424,288,10505.23
COMPUTER_AND_IT_EQUIPMENT,27,damaged,383.64,14.21,0,213,999838.36
MEDICAL_FIRST_AID,21,new,149.35,7.11,0,83,10514.93
OFFICE_SUPPLIES,97,damaged,257.57,2.66,0,157,4825.76
COMPUTER_AND_IT_EQUIPMENT,13,new,376.52,28.96,269,208,1000537.65
SURVEILLANCE_AND_TRACKING,37,damaged,81.41,2.2,0,264,29808.14
PROTECTIVE_GEAR,85,used,362.06,4.26,0,309,14836.21
PROTECTIVE_GEAR,22,new,190.95,8.68,0,388,15519.09
FIREARMS,47,new,355.81,7.57,0,252,25000535.58
PROTECTIVE_GEAR,63,damaged,98.97,1.57,227,452,14809.9
NETWORKING_EQUIPMENT,26,used,380.1,14.62,0,40,249838.01
COMMUNICATION_DEVICES,81,new,415.69,5.13,1324,405,20541.57
SURVEILLANCE_AND_TRACKING,71,used,294.56,4.15,1277,340,29829.46
NETWORKING_EQUIPMENT,51,new,451.15,8.85,2756,459,250545.11
NETWORKING_EQUIPMENT,65,damaged,90.75,1.4,0,14,249809.08
SURVEILLANCE_AND_TRACKING,88,new,390.74,4.44,0,106,30539.07
OFFICE_SUPPLIES,85,new,381.16,4.48,352,43,5538.12
FORENSIC,9,used,216.25,24.03,0,119,79821.62
PROTECTIVE_GEAR,61,used,446.7,7.32,0,192,14844.67
MEDICAL_FIRST_AID,95,used,310.38,3.27,305,202,9831.04
FIREARMS,76,damaged,454.2,5.98,0,146,24999845.42
SURVEILLANCE_AND_TRACKING,52,used,417.76,8.03,0,420,29841.78
OFFICE_SUPPLIES,65,new,247.95,3.81,0,273,5524.8
VEHICLE_AND_ACCESSORIES,20,new,120.81,6.04,2792,445,150000512.1
SURVEILLANCE_AND_TRACKING,43,damaged,101,2.35,807,119,29810.1
NETWORKING_EQUIPMENT,3,new,69.41,23.14,2047,108,250506.94
MEDICAL_FIRST_AID,74,new,75.16,1.02,0,264,10507.52
FIREARMS,73,damaged,58.38,0.8,0,126,24999805.84
OFFICE_SUPPLIES,62,new,148.71,2.4,749,78,5514.87
OFFICE_SUPPLIES,80,damaged,279.86,3.5,0,371,4827.99
FORENSIC,76,new,153.42,2.02,0,85,80515.34
SURVEILLANCE_AND_TRACKING,65,damaged,238.91,3.68,0,74,29823.89
FORENSIC,77,new,444.99,5.78,1337,412,80544.5
COMPUTER_AND_IT_EQUIPMENT,85,new,455.89,5.36,0,459,1000545.59
FIREARMS,54,used,443.67,8.22,1020,117,24999844.37
FORENSIC,45,damaged,412.08,9.16,42,243,79841.21
VEHICLE_AND_ACCESSORIES,99,new,459.54,4.64,0,308,150000546
MEDICAL_FIRST_AID,33,new,52.46,1.59,0,294,10505.25
MEDICAL_FIRST_AID,49,damaged,142.44,2.91,0,212,9814.24
NETWORKING_EQUIPMENT,84,damaged,164.13,1.95,1048,308,249816.41
OFFICE_SUPPLIES,88,used,389.74,4.43,569,414,4838.97
FORENSIC,48,damaged,299.71,6.24,0,314,79829.97
FIREARMS,85,new,386.52,4.55,1788,358,25000538.65
NETWORKING_EQUIPMENT,28,damaged,230.25,8.22,975,292,249823.02
COMMUNICATION_DEVICES,50,damaged,52.38,1.05,0,242,19805.24
OFFICE_SUPPLIES,12,new,168.39,14.03,0,340,5516.84
FIREARMS,79,damaged,284.45,3.6,52,400,24999828.45
NETWORKING_EQUIPMENT,57,new,140.77,2.47,338,128,250514.08
OFFICE_SUPPLIES,67,damaged,154.25,2.3,0,37,4815.43
SURVEILLANCE_AND_TRACKING,21,new,498.57,23.74,0,360,30549.86
FIREARMS,26,damaged,56.91,2.19,0,302,24999805.69
MEDICAL_FIRST_AID,45,used,483.48,10.74,0,310,9848.35
SURVEILLANCE_AND_TRACKING,52,damaged,52.09,1,0,286,29805.21
MEDICAL_FIRST_AID,65,used,202.98,3.12,0,133,9820.3
MEDICAL_FIRST_AID,33,damaged,249.25,7.55,318,253,9824.92
SURVEILLANCE_AND_TRACKING,100,used,356.72,3.57,0,273,29835.67
VEHICLE_AND_ACCESSORIES,49,damaged,404.9,8.26,0,382,149999840.5
PROTECTIVE_GEAR,46,damaged,291.04,6.33,0,175,14829.1
FIREARMS,10,damaged,469.13,46.91,111,205,24999846.91
OFFICE_SUPPLIES,24,damaged,357.4,14.89,0,401,4835.74
SURVEILLANCE_AND_TRACKING,34,new,153.14,4.5,0,208,30515.31
COMPUTER_AND_IT_EQUIPMENT,11,damaged,480.1,43.65,1472,9,999848.01
MEDICAL_FIRST_AID,62,used,329.3,5.31,1309,466,9832.93
FORENSIC,98,damaged,176.12,1.8,0,321,79817.61
COMMUNICATION_DEVICES,55,used,472.84,8.6,0,195,19847.28
NETWORKING_EQUIPMENT,16,damaged,283.19,17.7,331,34,249828.32
SURVEILLANCE_AND_TRACKING,75,new,196.45,2.62,1005,108,30519.65
VEHICLE_AND_ACCESSORIES,35,used,481.34,13.75,0,109,149999848.1
FIREARMS,54,damaged,388.49,7.19,0,159,24999838.85
NETWORKING_EQUIPMENT,17,damaged,358.71,21.1,0,143,249835.87
SURVEILLANCE_AND_TRACKING,56,used,138.23,2.47,0,442,29813.82
NETWORKING_EQUIPMENT,64,new,498,7.78,1345,388,250549.8
FORENSIC,33,damaged,436.33,13.22,0,58,79843.63
NETWORKING_EQUIPMENT,28,used,264.44,9.44,0,401,249826.44
VEHICLE_AND_ACCESSORIES,47,damaged,300.87,6.4,0,27,149999830.1
COMPUTER_AND_IT_EQUIPMENT,87,damaged,139.53,1.6,2301,345,999813.95
NETWORKING_EQUIPMENT,46,used,352.94,7.67,2089,393,249835.29
COMPUTER_AND_IT_EQUIPMENT,79,used,258.69,3.27,0,332,999825.87
PROTECTIVE_GEAR,81,damaged,307.24,3.79,0,102,14830.72
SURVEILLANCE_AND_TRACKING,41,damaged,181.11,4.42,0,348,29818.11
VEHICLE_AND_ACCESSORIES,100,used,386.55,3.87,1034,236,149999838.7
NETWORKING_EQUIPMENT,17,damaged,155.58,9.15,30,365,249815.56
COMPUTER_AND_IT_EQUIPMENT,22,used,96.35,4.38,0,309,999809.64
COMMUNICATION_DEVICES,68,new,96.77,1.42,622,53,20509.68
FIREARMS,30,new,381.92,12.73,1119,90,25000538.19
MEDICAL_FIRST_AID,4,new,348.6,87.15,0,242,10534.86
MEDICAL_FIRST_AID,71,used,110.8,1.56,65,313,9811.08
FORENSIC,56,damaged,337.9,6.03,563,484,79833.79
FORENSIC,30,new,248.84,8.29,0,159,80524.88
VEHICLE_AND_ACCESSORIES,1,damaged,416.92,416.92,0,161,149999841.7
MEDICAL_FIRST_AID,89,used,476.13,5.35,58,10,9847.61
FIREARMS,77,new,408.55,5.31,943,113,25000540.86
MEDICAL_FIRST_AID,51,new,123.47,2.42,0,134,10512.35
COMPUTER_AND_IT_EQUIPMENT,81,new,282.47,3.49,2788,372,1000528.25
VEHICLE_AND_ACCESSORIES,35,used,134.6,3.85,0,90,149999813.5
COMPUTER_AND_IT_EQUIPMENT,80,used,172.46,2.16,2039,116,999817.25
COMMUNICATION_DEVICES,7,damaged,59.96,8.57,0,163,19806
FORENSIC,30,new,117.81,3.93,0,192,80511.78
VEHICLE_AND_ACCESSORIES,48,used,363.62,7.58,0,45,149999836.4
NETWORKING_EQUIPMENT,35,used,82.12,2.35,0,100,249808.21
VEHICLE_AND_ACCESSORIES,2,new,488.57,244.28,0,410,150000548.9
SURVEILLANCE_AND_TRACKING,26,used,380.9,14.65,0,364,29838.09
FORENSIC,88,used,471.3,5.36,0,401,79847.13
MEDICAL_FIRST_AID,16,used,266.55,16.66,0,186,9826.66
COMMUNICATION_DEVICES,15,new,334.81,22.32,0,90,20533.48
VEHICLE_AND_ACCESSORIES,16,used,405.11,25.32,0,302,149999840.5
FORENSIC,20,used,396.86,19.84,0,283,79839.69
OFFICE_SUPPLIES,98,damaged,77.02,0.79,475,86,4807.7
MEDICAL_FIRST_AID,17,used,154.7,9.1,2726,336,9815.47
PROTECTIVE_GEAR,94,new,59.61,0.63,0,396,15505.96
VEHICLE_AND_ACCESSORIES,63,damaged,246.88,3.92,0,371,149999824.7
SURVEILLANCE_AND_TRACKING,24,damaged,206.45,8.6,0,448,29820.65
OFFICE_SUPPLIES,21,new,289.01,13.76,0,441,5528.9
MEDICAL_FIRST_AID,59,new,399.16,6.77,619,400,10539.92
COMMUNICATION_DEVICES,47,damaged,157.45,3.35,0,279,19815.74
FIREARMS,68,damaged,273.9,4.03,71,334,24999827.39
PROTECTIVE_GEAR,83,used,99.71,1.2,1907,63,14809.97
NETWORKING_EQUIPMENT,5,new,98.17,19.63,0,28,250509.82
FIREARMS,68,damaged,365.59,5.38,0,210,24999836.56
OFFICE_SUPPLIES,2,new,345.09,172.54,0,420,5534.51
COMMUNICATION_DEVICES,72,damaged,472.21,6.56,0,414,19847.22
COMMUNICATION_DEVICES,35,damaged,68.29,1.95,0,39,19806.83
SURVEILLANCE_AND_TRACKING,13,new,376.33,28.95,856,121,30537.63
MEDICAL_FIRST_AID,73,damaged,476.38,6.53,2565,302,9847.64
COMPUTER_AND_IT_EQUIPMENT,46,damaged,256.42,5.57,0,90,999825.64
NETWORKING_EQUIPMENT,52,damaged,201.88,3.88,0,323,249820.19
PROTECTIVE_GEAR,71,used,430.18,6.06,1430,341,14843.02
PROTECTIVE_GEAR,31,damaged,295.53,9.53,1131,282,14829.55
VEHICLE_AND_ACCESSORIES,58,used,481.92,8.31,0,38,149999848.2
OFFICE_SUPPLIES,67,new,497.04,7.42,0,176,5549.7
SURVEILLANCE_AND_TRACKING,3,damaged,420.05,140.02,1552,296,29842.01
OFFICE_SUPPLIES,13,new,257.17,19.78,0,154,5525.72
OFFICE_SUPPLIES,30,used,414.98,13.83,0,216,4841.5
SURVEILLANCE_AND_TRACKING,93,used,406.81,4.37,0,424,29840.68
OFFICE_SUPPLIES,77,damaged,185.18,2.4,1205,46,4818.52
COMMUNICATION_DEVICES,45,used,237.43,5.28,0,123,19823.74
OFFICE_SUPPLIES,82,damaged,222.12,2.71,0,41,4822.21
MEDICAL_FIRST_AID,20,used,276.08,13.8,0,34,9827.61
FIREARMS,97,damaged,308.86,3.18,0,242,24999830.89
FIREARMS,17,used,87.15,5.13,2656,38,24999808.71
FIREARMS,11,used,275.82,25.07,0,84,24999827.58
MEDICAL_FIRST_AID,63,used,343.51,5.45,0,322,9834.35
MEDICAL_FIRST_AID,32,new,169.82,5.31,0,351,10516.98
OFFICE_SUPPLIES,15,damaged,236.11,15.74,0,117,4823.61
PROTECTIVE_GEAR,84,new,396.36,4.72,0,319,15539.64
FORENSIC,19,used,70.19,3.69,0,369,79807.02
NETWORKING_EQUIPMENT,15,damaged,74.54,4.97,614,448,249807.45
VEHICLE_AND_ACCESSORIES,44,damaged,411.93,9.36,0,271,149999841.2
PROTECTIVE_GEAR,95,damaged,145.34,1.53,1542,406,14814.53
MEDICAL_FIRST_AID,80,damaged,496.54,6.21,0,300,9849.65
MEDICAL_FIRST_AID,33,new,77.05,2.33,0,367,10507.7
VEHICLE_AND_ACCESSORIES,60,damaged,475.33,7.92,0,360,149999847.5
PROTECTIVE_GEAR,3,used,440.33,146.78,0,208,14844.03
COMPUTER_AND_IT_EQUIPMENT,63,damaged,289.2,4.59,0,256,999828.92
FORENSIC,92,new,67.89,0.74,507,185,80506.79
FIREARMS,3,used,357.94,119.31,394,177,24999835.79
MEDICAL_FIRST_AID,8,damaged,165.96,20.75,0,284,9816.6
VEHICLE_AND_ACCESSORIES,20,used,453.73,22.69,0,391,149999845.4
MEDICAL_FIRST_AID,81,damaged,152.34,1.88,0,95,9815.23
VEHICLE_AND_ACCESSORIES,43,used,294.01,6.84,0,82,149999829.4
MEDICAL_FIRST_AID,18,used,359.84,19.99,0,221,9835.98
NETWORKING_EQUIPMENT,21,used,80.52,3.83,2235,85,249808.05
PROTECTIVE_GEAR,94,new,394.45,4.2,0,171,15539.44
VEHICLE_AND_ACCESSORIES,100,new,98.05,0.98,0,401,150000509.8
OFFICE_SUPPLIES,78,damaged,325.56,4.17,759,127,4832.56
COMMUNICATION_DEVICES,11,damaged,400.92,36.45,0,444,19840.09
FORENSIC,24,used,271.15,11.3,0,121,79827.12
COMMUNICATION_DEVICES,98,new,466.45,4.76,0,389,20546.65
SURVEILLANCE_AND_TRACKING,9,new,467.2,51.91,1048,258,30546.72
PROTECTIVE_GEAR,32,used,232.19,7.26,0,380,14823.22
FIREARMS,51,damaged,472.61,9.27,2040,288,24999847.26
COMMUNICATION_DEVICES,14,used,255.61,18.26,0,278,19825.56
FIREARMS,72,used,282.26,3.92,0,165,24999828.23
FIREARMS,100,used,257.61,2.58,0,314,24999825.76
COMMUNICATION_DEVICES,19,used,423.45,22.29,0,383,19842.35
COMPUTER_AND_IT_EQUIPMENT,100,damaged,472.03,4.72,0,218,999847.2
PROTECTIVE_GEAR,4,new,254.16,63.54,0,68,15525.42
PROTECTIVE_GEAR,92,damaged,105.59,1.15,0,240,14810.56
PROTECTIVE_GEAR,68,damaged,222.84,3.28,1621,99,14822.28
MEDICAL_FIRST_AID,6,new,460.51,76.75,2256,467,10546.05
NETWORKING_EQUIPMENT,23,damaged,73.09,3.18,0,379,249807.31
FORENSIC,81,new,102.9,1.27,0,12,80510.29
VEHICLE_AND_ACCESSORIES,59,used,434.93,7.37,0,313,149999843.5
FORENSIC,28,damaged,346.76,12.38,319,254,79834.68
OFFICE_SUPPLIES,1,new,446.98,446.98,0,334,5544.7
SURVEILLANCE_AND_TRACKING,24,new,74.78,3.12,0,77,30507.48
COMMUNICATION_DEVICES,78,used,199,2.55,0,72,19819.9
NETWORKING_EQUIPMENT,87,used,324.99,3.74,2140,416,249832.5
NETWORKING_EQUIPMENT,96,damaged,212.08,2.21,0,414,249821.21
PROTECTIVE_GEAR,49,new,391.3,7.99,0,164,15539.13
NETWORKING_EQUIPMENT,89,used,198.14,2.23,460,115,249819.81
SURVEILLANCE_AND_TRACKING,8,new,307.12,38.39,0,254,30530.71
OFFICE_SUPPLIES,55,damaged,431.51,7.85,0,305,4843.15
PROTECTIVE_GEAR,79,damaged,273.38,3.46,1017,438,14827.34
OFFICE_SUPPLIES,91,used,490.67,5.39,0,28,4849.07
COMPUTER_AND_IT_EQUIPMENT,79,used,236.32,2.99,0,291,999823.63
SURVEILLANCE_AND_TRACKING,82,new,360.51,4.4,243,55,30536.05
VEHICLE_AND_ACCESSORIES,71,used,395.16,5.57,0,190,149999839.5
FIREARMS,79,new,424.42,5.37,0,446,25000542.44
FORENSIC,5,damaged,111.09,22.22,0,237,79811.11
MEDICAL_FIRST_AID,60,used,467.51,7.79,0,165,9846.75
PROTECTIVE_GEAR,69,new,143.72,2.08,914,471,15514.37
PROTECTIVE_GEAR,20,used,428.33,21.42,0,333,14842.83
NETWORKING_EQUIPMENT,78,used,134.32,1.72,0,405,249813.43
PROTECTIVE_GEAR,35,used,89.06,2.54,0,235,14808.91
VEHICLE_AND_ACCESSORIES,68,used,128.76,1.89,1203,25,149999812.9
SURVEILLANCE_AND_TRACKING,57,damaged,61.22,1.07,924,102,29806.12
PROTECTIVE_GEAR,94,damaged,189.66,2.02,0,396,14818.97
COMPUTER_AND_IT_EQUIPMENT,87,new,142.33,1.64,0,206,1000514.23
MEDICAL_FIRST_AID,1,used,469.55,469.55,147,186,9846.95
COMMUNICATION_DEVICES,67,damaged,385.5,5.75,0,409,19838.55
SURVEILLANCE_AND_TRACKING,26,new,178.96,6.88,590,411,30517.9
COMPUTER_AND_IT_EQUIPMENT,20,new,173.14,8.66,0,300,1000517.31
COMPUTER_AND_IT_EQUIPMENT,70,used,297.21,4.25,0,365,999829.72
VEHICLE_AND_ACCESSORIES,32,new,82.06,2.56,1333,292,150000508.2
COMMUNICATION_DEVICES,4,used,456.48,114.12,0,225,19845.65
COMPUTER_AND_IT_EQUIPMENT,51,new,367.1,7.2,2356,436,1000536.71
FORENSIC,46,used,199.55,4.34,0,397,79819.96
MEDICAL_FIRST_AID,97,used,305.51,3.15,0,266,9830.55
FORENSIC,88,damaged,369.6,4.2,662,118,79836.96
SURVEILLANCE_AND_TRACKING,79,used,460.79,5.83,0,359,29846.08
PROTECTIVE_GEAR,59,used,63.62,1.08,0,194,14806.36
FORENSIC,37,used,322,8.7,0,70,79832.2
COMPUTER_AND_IT_EQUIPMENT,72,damaged,81.92,1.14,0,254,999808.19
OFFICE_SUPPLIES,31,damaged,159.66,5.15,0,224,4815.97
PROTECTIVE_GEAR,89,damaged,244.02,2.74,812,423,14824.4
MEDICAL_FIRST_AID,23,damaged,351.32,15.27,1619,70,9835.13
OFFICE_SUPPLIES,42,damaged,93.94,2.24,0,157,4809.39
FIREARMS,77,new,358.48,4.66,2967,437,25000535.85
PROTECTIVE_GEAR,83,damaged,77.67,0.94,0,466,14807.77
COMMUNICATION_DEVICES,85,new,253.84,2.99,0,327,20525.38
FORENSIC,27,damaged,444.84,16.48,0,407,79844.48
VEHICLE_AND_ACCESSORIES,92,used,495.63,5.39,0,327,149999849.6
FIREARMS,38,new,216.15,5.69,0,8,25000521.61
MEDICAL_FIRST_AID,15,used,439.56,29.3,0,371,9843.96
FIREARMS,92,used,232.71,2.53,720,117,24999823.27
NETWORKING_EQUIPMENT,18,new,299.94,16.66,0,99,250529.99
NETWORKING_EQUIPMENT,2,new,341.78,170.89,0,468,250534.18
FIREARMS,11,new,339.01,30.82,196,462,25000533.9
OFFICE_SUPPLIES,80,new,254.48,3.18,658,435,5525.45
FIREARMS,29,new,241.15,8.32,0,258,25000524.11
SURVEILLANCE_AND_TRACKING,35,used,466.95,13.34,1147,46,29846.69
OFFICE_SUPPLIES,91,used,100.92,1.11,1695,66,4810.09
MEDICAL_FIRST_AID,60,damaged,85.21,1.42,282,140,9808.52
COMPUTER_AND_IT_EQUIPMENT,75,used,325.87,4.34,0,428,999832.59
FORENSIC,66,used,308.28,4.67,0,180,79830.83
VEHICLE_AND_ACCESSORIES,22,new,362.77,16.49,2887,162,150000536.3
OFFICE_SUPPLIES,8,damaged,262.92,32.87,0,35,4826.29
VEHICLE_AND_ACCESSORIES,4,used,268.14,67.03,0,42,149999826.8
VEHICLE_AND_ACCESSORIES,17,damaged,176.44,10.38,0,406,149999817.6
OFFICE_SUPPLIES,76,damaged,118.01,1.55,95,438,4811.8
VEHICLE_AND_ACCESSORIES,63,new,409.72,6.5,0,43,150000541
NETWORKING_EQUIPMENT,20,used,388.74,19.44,1460,219,249838.87
FORENSIC,27,damaged,380.46,14.09,0,350,79838.05
COMPUTER_AND_IT_EQUIPMENT,22,used,229.44,10.43,0,382,999822.94
MEDICAL_FIRST_AID,49,damaged,367.52,7.5,0,88,9836.75
FIREARMS,37,used,221.9,6,0,349,24999822.19
COMMUNICATION_DEVICES,69,damaged,209.22,3.03,960,480,19820.92
VEHICLE_AND_ACCESSORIES,35,used,411.04,11.74,0,317,149999841.1
FORENSIC,94,damaged,314.93,3.35,0,181,79831.49
NETWORKING_EQUIPMENT,71,new,352.76,4.97,0,237,250535.28
MEDICAL_FIRST_AID,88,used,208.18,2.37,0,127,9820.82
COMMUNICATION_DEVICES,12,new,472.33,39.36,0,353,20547.23
COMPUTER_AND_IT_EQUIPMENT,78,new,219.18,2.81,316,485,1000521.92
NETWORKING_EQUIPMENT,38,used,347.22,9.14,0,233,249834.72
VEHICLE_AND_ACCESSORIES,89,damaged,396.45,4.45,0,88,149999839.7
COMPUTER_AND_IT_EQUIPMENT,100,new,222.26,2.22,0,132,1000522.23
VEHICLE_AND_ACCESSORIES,57,new,271.27,4.76,0,226,150000527.1
FORENSIC,19,damaged,395.92,20.84,0,356,79839.59
FORENSIC,14,new,82.81,5.92,2583,134,80508.28
FORENSIC,64,new,343.79,5.37,0,358,80534.38
VEHICLE_AND_ACCESSORIES,90,used,457.08,5.08,0,271,149999845.7
FORENSIC,56,used,429.82,7.68,0,145,79842.98
FIREARMS,16,damaged,290.89,18.18,0,370,24999829.09
FIREARMS,81,damaged,90.8,1.12,694,45,24999809.08
FORENSIC,83,new,129.48,1.56,0,362,80512.95
VEHICLE_AND_ACCESSORIES,14,damaged,359.98,25.71,0,463,149999836
FORENSIC,18,new,136.89,7.6,756,268,80513.69
COMPUTER_AND_IT_EQUIPMENT,83,used,274.86,3.31,0,38,999827.49
COMMUNICATION_DEVICES,93,new,232.48,2.5,0,355,20523.25
FORENSIC,20,damaged,310.71,15.54,0,402,79831.07
FORENSIC,61,damaged,70.61,1.16,0,98,79807.06
COMMUNICATION_DEVICES,13,used,325.05,25,25,422,19832.51
COMPUTER_AND_IT_EQUIPMENT,64,damaged,409.63,6.4,0,435,999840.96
FIREARMS,95,damaged,230.9,2.43,0,307,24999823.09
NETWORKING_EQUIPMENT,28,new,316.89,11.32,0,83,250531.69
NETWORKING_EQUIPMENT,22,damaged,216.47,9.84,0,125,249821.65
OFFICE_SUPPLIES,18,new,405.97,22.55,1480,423,5540.6
COMMUNICATION_DEVICES,11,new,53.25,4.84,0,345,20505.33
VEHICLE_AND_ACCESSORIES,89,used,361.56,4.06,0,349,149999836.2
MEDICAL_FIRST_AID,53,new,472.14,8.91,2757,30,10547.21
NETWORKING_EQUIPMENT,79,new,332.24,4.21,0,244,250533.22
MEDICAL_FIRST_AID,25,new,493.97,19.76,0,188,10549.4
MEDICAL_FIRST_AID,29,used,396.65,13.68,0,51,9839.67
COMPUTER_AND_IT_EQUIPMENT,88,used,273.88,3.11,0,51,999827.39
PROTECTIVE_GEAR,27,used,163.12,6.04,3081,261,14816.31
COMPUTER_AND_IT_EQUIPMENT,69,new,121.12,1.76,0,290,1000512.11
COMPUTER_AND_IT_EQUIPMENT,93,used,316.72,3.41,0,108,999831.67
PROTECTIVE_GEAR,100,new,196.76,1.97,0,394,15519.68
SURVEILLANCE_AND_TRACKING,29,new,261.95,9.03,0,472,30526.19
NETWORKING_EQUIPMENT,79,used,130.13,1.65,0,241,249813.01
SURVEILLANCE_AND_TRACKING,35,new,201.15,5.75,0,320,30520.12
VEHICLE_AND_ACCESSORIES,15,used,256.36,17.09,0,198,149999825.6
VEHICLE_AND_ACCESSORIES,21,damaged,478.74,22.8,0,286,149999847.9
SURVEILLANCE_AND_TRACKING,53,damaged,270.15,5.1,0,246,29827.01
FORENSIC,2,damaged,242.65,121.33,0,184,79824.26
OFFICE_SUPPLIES,76,new,461.19,6.07,0,51,5546.12
FORENSIC,5,used,289,57.8,2117,360,79828.9
COMPUTER_AND_IT_EQUIPMENT,64,new,87.39,1.37,0,391,1000508.74
SURVEILLANCE_AND_TRACKING,46,used,157.58,3.43,0,254,29815.76
VEHICLE_AND_ACCESSORIES,91,used,436.06,4.79,0,248,149999843.6
NETWORKING_EQUIPMENT,24,used,332.06,13.84,0,54,249833.21
PROTECTIVE_GEAR,5,used,241.66,48.33,0,326,14824.17
OFFICE_SUPPLIES,88,new,329.2,3.74,686,42,5532.92
PROTECTIVE_GEAR,15,used,214.52,14.3,161,206,14821.45
NETWORKING_EQUIPMENT,91,new,302.34,3.32,0,194,250530.23
MEDICAL_FIRST_AID,84,used,381.82,4.55,2553,113,9838.18
SURVEILLANCE_AND_TRACKING,46,used,276.6,6.01,0,55,29827.66
PROTECTIVE_GEAR,58,used,275.65,4.75,0,376,14827.57
MEDICAL_FIRST_AID,58,damaged,215.67,3.72,0,458,9821.57
FORENSIC,11,used,454.08,41.28,0,80,79845.41
VEHICLE_AND_ACCESSORIES,90,new,273.35,3.04,0,351,150000527.3
VEHICLE_AND_ACCESSORIES,88,damaged,469.27,5.33,225,231,149999846.9
COMMUNICATION_DEVICES,25,new,59.92,2.4,0,350,20505.99
FIREARMS,44,damaged,340.72,7.74,0,312,24999834.07
MEDICAL_FIRST_AID,57,used,186.84,3.28,0,181,9818.68
VEHICLE_AND_ACCESSORIES,62,used,486.83,7.85,0,201,149999848.7
FORENSIC,80,new,370.32,4.63,0,93,80537.03
NETWORKING_EQUIPMENT,31,new,68.52,2.21,0,80,250506.85
VEHICLE_AND_ACCESSORIES,24,new,303.12,12.63,0,181,150000530.3
NETWORKING_EQUIPMENT,58,damaged,488.96,8.43,529,63,249848.9
COMMUNICATION_DEVICES,64,new,476.51,7.45,0,9,20547.65
MEDICAL_FIRST_AID,43,damaged,367.45,8.55,0,398,9836.75
NETWORKING_EQUIPMENT,94,used,202.41,2.15,0,247,249820.24
COMMUNICATION_DEVICES,87,damaged,102.59,1.18,0,320,19810.26
SURVEILLANCE_AND_TRACKING,46,new,196.86,4.28,2530,111,30519.69
MEDICAL_FIRST_AID,99,used,138.07,1.39,0,450,9813.81
COMPUTER_AND_IT_EQUIPMENT,51,new,270.71,5.31,2342,261,1000527.07
COMMUNICATION_DEVICES,51,new,372.18,7.3,0,216,20537.22
COMMUNICATION_DEVICES,45,used,188.64,4.19,870,68,19818.86
FORENSIC,57,used,123.71,2.17,1379,475,79812.37
NETWORKING_EQUIPMENT,77,new,114.64,1.49,0,458,250511.46
PROTECTIVE_GEAR,76,used,89.8,1.18,893,490,14808.98
FIREARMS,72,used,369.61,5.13,0,99,24999836.96
FIREARMS,71,used,69,0.97,0,170,24999806.9
MEDICAL_FIRST_AID,29,new,406.05,14,0,153,10540.6
FORENSIC,84,damaged,451.71,5.38,0,252,79845.17
SURVEILLANCE_AND_TRACKING,16,used,271.87,16.99,0,400,29827.19
OFFICE_SUPPLIES,73,used,440.76,6.04,1665,445,4844.08
PROTECTIVE_GEAR,94,damaged,57.9,0.62,0,326,14805.79
NETWORKING_EQUIPMENT,60,damaged,110.97,1.85,0,158,249811.1
FIREARMS,7,used,181.25,25.89,0,105,24999818.12
NETWORKING_EQUIPMENT,77,new,294.67,3.83,318,430,250529.47
VEHICLE_AND_ACCESSORIES,13,damaged,311.02,23.92,0,84,149999831.1
VEHICLE_AND_ACCESSORIES,100,used,235.4,2.35,0,137,149999823.5
MEDICAL_FIRST_AID,25,damaged,326.04,13.04,1408,377,9832.6
COMPUTER_AND_IT_EQUIPMENT,59,new,102.45,1.74,0,264,1000510.24
VEHICLE_AND_ACCESSORIES,18,used,450.38,25.02,1960,410,149999845
NETWORKING_EQUIPMENT,4,damaged,416.56,104.14,0,446,249841.66
NETWORKING_EQUIPMENT,40,new,144.43,3.61,0,359,250514.44
COMPUTER_AND_IT_EQUIPMENT,3,used,390.8,130.27,0,84,999839.08
MEDICAL_FIRST_AID,8,used,103.51,12.94,0,54,9810.35
COMMUNICATION_DEVICES,16,damaged,142.43,8.9,0,362,19814.24
COMMUNICATION_DEVICES,19,damaged,473.83,24.94,1096,205,19847.38
MEDICAL_FIRST_AID,31,damaged,306.61,9.89,0,420,9830.66
MEDICAL_FIRST_AID,92,new,483.92,5.26,0,305,10548.39
COMPUTER_AND_IT_EQUIPMENT,65,damaged,263.62,4.06,509,234,999826.36
COMPUTER_AND_IT_EQUIPMENT,46,used,240.84,5.24,67,235,999824.08
PROTECTIVE_GEAR,60,new,283.88,4.73,2106,192,15528.39
VEHICLE_AND_ACCESSORIES,93,new,87.01,0.94,0,218,150000508.7
FORENSIC,95,used,359.17,3.78,0,300,79835.92
VEHICLE_AND_ACCESSORIES,25,new,452.64,18.11,1600,213,150000545.3
COMMUNICATION_DEVICES,87,new,228.37,2.62,1901,374,20522.84
COMPUTER_AND_IT_EQUIPMENT,51,used,362.77,7.11,0,481,999836.28
COMPUTER_AND_IT_EQUIPMENT,26,used,140.12,5.39,0,123,999814.01
FIREARMS,36,damaged,394.69,10.96,904,392,24999839.47
FIREARMS,61,damaged,321.42,5.27,220,283,24999832.14
NETWORKING_EQUIPMENT,14,new,162.81,11.63,0,321,250516.28
NETWORKING_EQUIPMENT,13,damaged,73.78,5.68,0,377,249807.38
NETWORKING_EQUIPMENT,78,damaged,197.13,2.53,0,346,249819.71
COMPUTER_AND_IT_EQUIPMENT,99,used,406.73,4.11,0,353,999840.67
FORENSIC,34,damaged,204.63,6.02,1589,9,79820.46
COMMUNICATION_DEVICES,16,used,252.55,15.78,0,264,19825.26
COMMUNICATION_DEVICES,72,damaged,437.16,6.07,297,99,19843.72
FIREARMS,40,damaged,225.09,5.63,0,360,24999822.51
MEDICAL_FIRST_AID,74,used,264.16,3.57,0,46,9826.42
VEHICLE_AND_ACCESSORIES,76,used,327.62,4.31,951,165,149999832.8
COMMUNICATION_DEVICES,76,new,107.69,1.42,0,421,20510.77
OFFICE_SUPPLIES,98,damaged,203.57,2.08,0,195,4820.36
FIREARMS,8,damaged,159.9,19.99,0,171,24999815.99
COMPUTER_AND_IT_EQUIPMENT,40,new,201.92,5.05,0,195,1000520.19
FORENSIC,73,damaged,455.63,6.24,0,371,79845.56
OFFICE_SUPPLIES,41,used,306.66,7.48,0,55,4830.67
FORENSIC,89,damaged,142.66,1.6,1051,421,79814.27
PROTECTIVE_GEAR,79,used,213.5,2.7,0,264,14821.35
COMPUTER_AND_IT_EQUIPMENT,28,used,169.32,6.05,0,210,999816.93
SURVEILLANCE_AND_TRACKING,96,new,372.97,3.89,47,323,30537.3
VEHICLE_AND_ACCESSORIES,73,damaged,263.87,3.61,0,435,149999826.4
VEHICLE_AND_ACCESSORIES,39,used,348.56,8.94,0,230,149999834.9
VEHICLE_AND_ACCESSORIES,66,used,352.2,5.34,147,481,149999835.2
MEDICAL_FIRST_AID,74,used,145.83,1.97,0,339,9814.58
OFFICE_SUPPLIES,73,damaged,332.04,4.55,22,202,4833.2
NETWORKING_EQUIPMENT,20,damaged,358.39,17.92,0,230,249835.84
COMPUTER_AND_IT_EQUIPMENT,53,used,420.67,7.94,0,362,999842.07
SURVEILLANCE_AND_TRACKING,31,new,117.48,3.79,0,412,30511.75
VEHICLE_AND_ACCESSORIES,63,damaged,496.08,7.87,1029,492,149999849.6
SURVEILLANCE_AND_TRACKING,35,new,63.11,1.8,0,306,30506.31
COMMUNICATION_DEVICES,3,new,436.81,145.6,0,329,20543.68
COMPUTER_AND_IT_EQUIPMENT,47,damaged,345.84,7.36,0,436,999834.58
NETWORKING_EQUIPMENT,15,damaged,380.52,25.37,0,344,249838.05
OFFICE_SUPPLIES,33,used,448.05,13.58,0,68,4844.81
PROTECTIVE_GEAR,75,damaged,225.48,3.01,0,137,14822.55
